bisnis,lokasi,iklim,musim,deskripsi
Es Kelapa Muda,pantai,tropis,kemarau,Minuman yang menyegarkan untuk dinikmati di cuaca panas di daerah pantai.
Jagung Bakar,gunung,subtropis,kemarau,Makanan yang hangat dan cocok untuk udara subtropis pegunungan.
Sate Ayam,kota,tropis,semua,Makanan yang nikmat disantap dengan nasi hangat di lingkungan kota.
Kopi Susu,kota,tropis,semua,Minuman yang laris di tempat wisata tropis sepanjang tahun.
Bakso,pantai,tropis,kemarau,Makanan yang populer jadi santapan di tempat yang panas dan lembap.
Minuman Jahe,gunung,subtropis,kemarau,Minuman hangat yang sangat pas diminum saat cuaca subtropis di gunung.
Gorengan,gunung,subtropis,hujan,Cemilan yang digemari saat sore hari terutama di daerah gunung.
Rujak Buah,kota,tropis,hujan,Cemilan segar yang cocok dinikmati di suasana tropis kota.
Es Teh Manis,gunung,tropis,kemarau,Minuman segar yang cocok dikonsumsi di gunung saat cuaca panas.
Soto Ayam,kota,tropis,hujan,Makanan hangat berkuah yang cocok saat musim hujan di kota.
Wedang Jahe,gunung,subtropis,kemarau,Minuman tradisional hangat untuk cuaca kemarau di pegunungan.
Smoothie Buah,gunung,tropis,kemarau,Minuman buah yang menyegarkan untuk kondisi tropis panas.
